hidden_layers,step_size,epoch,set_name,loss
3,0.01,0,subtrain,0.691533774137497
3,0.01,0,validation,0.6911999583244324
3,0.01,1,subtrain,0.686708003282547
3,0.01,1,validation,0.6864040195941925
3,0.01,2,subtrain,0.6827182471752167
3,0.01,2,validation,0.6824638247489929
3,0.01,3,subtrain,0.6793536841869354
3,0.01,3,validation,0.679169237613678
3,0.01,4,subtrain,0.676251620054245
3,0.01,4,validation,0.6761126518249512
3,0.01,5,subtrain,0.6736285090446472
3,0.01,5,validation,0.673566609621048
3,0.01,6,subtrain,0.6712524592876434
3,0.01,6,validation,0.6712660789489746
3,0.01,7,subtrain,0.6690000593662262
3,0.01,7,validation,0.669074535369873
3,0.01,8,subtrain,0.666898787021637
3,0.01,8,validation,0.6670757234096527
3,0.01,9,subtrain,0.6647891402244568
3,0.01,9,validation,0.6650383472442627
3,0.01,10,subtrain,0.6628044247627258
3,0.01,10,validation,0.6631488800048828
3,0.01,11,subtrain,0.6607780158519745
3,0.01,11,validation,0.6612071692943573
3,0.01,12,subtrain,0.6587199866771698
3,0.01,12,validation,0.6592348515987396
3,0.01,13,subtrain,0.6565201580524445
3,0.01,13,validation,0.657086193561554
3,0.01,14,subtrain,0.6542901992797852
3,0.01,14,validation,0.6549627184867859
3,0.01,15,subtrain,0.6518894731998444
3,0.01,15,validation,0.6526646316051483
3,0.01,16,subtrain,0.6492816507816315
3,0.01,16,validation,0.6501446664333344
3,0.01,17,subtrain,0.6464521884918213
3,0.01,17,validation,0.6474219262599945
3,0.01,18,subtrain,0.6433692276477814
3,0.01,18,validation,0.6444371938705444
3,0.01,19,subtrain,0.6399440765380859
3,0.01,19,validation,0.6411026418209076
3,0.01,20,subtrain,0.6361631751060486
3,0.01,20,validation,0.6374322175979614
3,0.01,21,subtrain,0.6319709718227386
3,0.01,21,validation,0.6333628594875336
3,0.01,22,subtrain,0.6272971928119659
3,0.01,22,validation,0.6288435757160187
3,0.01,23,subtrain,0.6220231056213379
3,0.01,23,validation,0.6236951351165771
3,0.01,24,subtrain,0.6161628365516663
3,0.01,24,validation,0.6179953217506409
3,0.01,25,subtrain,0.6095626950263977
3,0.01,25,validation,0.611537903547287
3,0.01,26,subtrain,0.6021745204925537
3,0.01,26,validation,0.6043074131011963
3,0.01,27,subtrain,0.5938831269741058
3,0.01,27,validation,0.5961805880069733
3,0.01,28,subtrain,0.5845976173877716
3,0.01,28,validation,0.5870707631111145
3,0.01,29,subtrain,0.5742205679416656
3,0.01,29,validation,0.5768595635890961
3,0.01,30,subtrain,0.5627780556678772
3,0.01,30,validation,0.5656443536281586
3,0.01,31,subtrain,0.5500786006450653
3,0.01,31,validation,0.5531629920005798
3,0.01,32,subtrain,0.536253422498703
3,0.01,32,validation,0.5395567417144775
3,0.01,33,subtrain,0.521462693810463
3,0.01,33,validation,0.5249998271465302
3,0.01,34,subtrain,0.5057306289672852
3,0.01,34,validation,0.5095061808824539
3,0.01,35,subtrain,0.4891181886196136
3,0.01,35,validation,0.4931156188249588
3,0.01,36,subtrain,0.4719453901052475
3,0.01,36,validation,0.4762031584978103
3,0.01,37,subtrain,0.4543363004922867
3,0.01,37,validation,0.4588284641504287
3,0.01,38,subtrain,0.4368003606796264
3,0.01,38,validation,0.4415801763534546
3,0.01,39,subtrain,0.419293463230133
3,0.01,39,validation,0.4243863523006439
3,0.01,40,subtrain,0.4021964818239212
3,0.01,40,validation,0.407622218132019
3,0.01,41,subtrain,0.3857520818710327
3,0.01,41,validation,0.3915372937917709
3,0.01,42,subtrain,0.3701193928718567
3,0.01,42,validation,0.3762980997562408
3,0.01,43,subtrain,0.3555518835783005
3,0.01,43,validation,0.362160176038742
3,0.01,44,subtrain,0.3421660959720611
3,0.01,44,validation,0.3492238074541092
3,0.01,45,subtrain,0.3298349976539612
3,0.01,45,validation,0.3373882174491882
3,0.01,46,subtrain,0.3184451162815094
3,0.01,46,validation,0.3265362232923507
3,0.01,47,subtrain,0.3081255853176117
3,0.01,47,validation,0.3167744278907776
3,0.01,48,subtrain,0.2988572418689728
3,0.01,48,validation,0.3080849647521972
3,0.01,49,subtrain,0.2902392297983169
3,0.01,49,validation,0.3001200258731842
3,0.01,50,subtrain,0.2825446277856827
3,0.01,50,validation,0.2930600196123123
3,0.01,51,subtrain,0.2752325385808944
3,0.01,51,validation,0.2864704430103302
3,0.01,52,subtrain,0.2685400694608688
3,0.01,52,validation,0.2805905342102051
3,0.01,53,subtrain,0.2625176757574081
3,0.01,53,validation,0.2752941697835922
3,0.01,54,subtrain,0.2569093257188797
3,0.01,54,validation,0.2704529762268066
3,0.01,55,subtrain,0.2518312260508537
3,0.01,55,validation,0.2661394327878952
3,0.01,56,subtrain,0.2471691891551017
3,0.01,56,validation,0.2622599154710769
3,0.01,57,subtrain,0.2429716885089874
3,0.01,57,validation,0.2588138878345489
3,0.01,58,subtrain,0.238982543349266
3,0.01,58,validation,0.2555983364582062
3,0.01,59,subtrain,0.2353025078773498
3,0.01,59,validation,0.2527158558368683
3,0.01,60,subtrain,0.2318875715136528
3,0.01,60,validation,0.2501254677772522
3,0.01,61,subtrain,0.2286494225263595
3,0.01,61,validation,0.2476935759186744
3,0.01,62,subtrain,0.2256172746419906
3,0.01,62,validation,0.2454493567347526
3,0.01,63,subtrain,0.2227391377091407
3,0.01,63,validation,0.2434151023626327
3,0.01,64,subtrain,0.2200168743729591
3,0.01,64,validation,0.2415656745433807
3,0.01,65,subtrain,0.2174956277012825
3,0.01,65,validation,0.2397502437233925
3,0.01,66,subtrain,0.2150492072105407
3,0.01,66,validation,0.238125205039978
3,0.01,67,subtrain,0.212704949080944
3,0.01,67,validation,0.2365405783057212
3,0.01,68,subtrain,0.2105034738779068
3,0.01,68,validation,0.2350591570138931
3,0.01,69,subtrain,0.2083611488342285
3,0.01,69,validation,0.2337818965315818
3,0.01,70,subtrain,0.2062682211399078
3,0.01,70,validation,0.2324371039867401
3,0.01,71,subtrain,0.2042461633682251
3,0.01,71,validation,0.2312073484063148
3,0.01,72,subtrain,0.2023190408945083
3,0.01,72,validation,0.2300049886107444
3,0.01,73,subtrain,0.2004553005099296
3,0.01,73,validation,0.228905901312828
3,0.01,74,subtrain,0.1986055523157119
3,0.01,74,validation,0.227790780365467
3,0.01,75,subtrain,0.1968652084469795
3,0.01,75,validation,0.2266701832413673
3,0.01,76,subtrain,0.1952465921640396
3,0.01,76,validation,0.2256397008895874
3,0.01,77,subtrain,0.1935715898871421
3,0.01,77,validation,0.2248014509677887
3,0.01,78,subtrain,0.1919940412044525
3,0.01,78,validation,0.2237551137804985
3,0.01,79,subtrain,0.1905061975121498
3,0.01,79,validation,0.2228194177150726
3,0.01,80,subtrain,0.1890741139650344
3,0.01,80,validation,0.221994049847126
3,0.01,81,subtrain,0.1876367703080177
3,0.01,81,validation,0.2211871445178985
3,0.01,82,subtrain,0.1862590909004211
3,0.01,82,validation,0.2203363850712776
3,0.01,83,subtrain,0.1850073337554931
3,0.01,83,validation,0.2195532992482185
3,0.01,84,subtrain,0.1836340576410293
3,0.01,84,validation,0.2187471911311149
3,0.01,85,subtrain,0.1823995858430862
3,0.01,85,validation,0.2179492712020874
3,0.01,86,subtrain,0.181208848953247
3,0.01,86,validation,0.2171853110194206
3,0.01,87,subtrain,0.1800263300538063
3,0.01,87,validation,0.2164598554372787
3,0.01,88,subtrain,0.1788791120052337
3,0.01,88,validation,0.2157764807343483
3,0.01,89,subtrain,0.1777564510703086
3,0.01,89,validation,0.2150536403059959
3,0.01,90,subtrain,0.1766562983393669
3,0.01,90,validation,0.2144222185015678
3,0.01,91,subtrain,0.175607368350029
3,0.01,91,validation,0.2138619422912597
3,0.01,92,subtrain,0.1745120957493782
3,0.01,92,validation,0.2131797671318054
3,0.01,93,subtrain,0.1734123677015304
3,0.01,93,validation,0.21260517090559
3,0.01,94,subtrain,0.1724292561411857
3,0.01,94,validation,0.2121161967515945
3,0.01,95,subtrain,0.1714149489998817
3,0.01,95,validation,0.2114274948835373
3,0.01,96,subtrain,0.170457623898983
3,0.01,96,validation,0.2110289707779884
3,0.01,97,subtrain,0.1695194914937019
3,0.01,97,validation,0.2103536948561668
3,0.01,98,subtrain,0.1685638725757599
3,0.01,98,validation,0.2098251655697822
3,0.01,99,subtrain,0.1676209568977356
3,0.01,99,validation,0.2092771083116531
2,0.1,0,subtrain,0.5895033776760101
2,0.1,0,validation,0.5908805131912231
2,0.1,1,subtrain,0.4535159319639206
2,0.1,1,validation,0.4562382400035858
2,0.1,2,subtrain,0.3247871398925781
2,0.1,2,validation,0.3298777788877487
2,0.1,3,subtrain,0.2606132328510284
2,0.1,3,validation,0.2717658281326294
2,0.1,4,subtrain,0.2299982532858848
2,0.1,4,validation,0.2476263269782066
2,0.1,5,subtrain,0.2084545120596885
2,0.1,5,validation,0.2321495786309242
2,0.1,6,subtrain,0.1943551078438758
2,0.1,6,validation,0.2232780158519745
2,0.1,7,subtrain,0.1835253462195396
2,0.1,7,validation,0.2166544869542122
2,0.1,8,subtrain,0.1752402707934379
2,0.1,8,validation,0.2123377993702888
2,0.1,9,subtrain,0.1702120006084442
2,0.1,9,validation,0.209507867693901
2,0.1,10,subtrain,0.1654602438211441
2,0.1,10,validation,0.2072611078619957
2,0.1,11,subtrain,0.1565089151263237
2,0.1,11,validation,0.2025620117783546
2,0.1,12,subtrain,0.151439718902111
2,0.1,12,validation,0.2012196630239486
2,0.1,13,subtrain,0.1485936492681503
2,0.1,13,validation,0.2003664374351501
2,0.1,14,subtrain,0.1431044638156891
2,0.1,14,validation,0.19950532913208
2,0.1,15,subtrain,0.1392225176095962
2,0.1,15,validation,0.1960431933403015
2,0.1,16,subtrain,0.1367672681808471
2,0.1,16,validation,0.1961289271712303
2,0.1,17,subtrain,0.1346131414175033
2,0.1,17,validation,0.197327435016632
2,0.1,18,subtrain,0.1314801275730133
2,0.1,18,validation,0.1956015154719352
2,0.1,19,subtrain,0.1276213899254799
2,0.1,19,validation,0.1940092965960502
2,0.1,20,subtrain,0.1271672695875167
2,0.1,20,validation,0.1945570334792137
2,0.1,21,subtrain,0.1227334626019001
2,0.1,21,validation,0.1924956813454628
2,0.1,22,subtrain,0.1200783178210258
2,0.1,22,validation,0.1935910508036613
2,0.1,23,subtrain,0.1175052262842655
2,0.1,23,validation,0.1917414143681526
2,0.1,24,subtrain,0.1159807667136192
2,0.1,24,validation,0.1926788985729217
2,0.1,25,subtrain,0.1143936663866043
2,0.1,25,validation,0.1902204677462577
2,0.1,26,subtrain,0.1123496852815151
2,0.1,26,validation,0.1919072121381759
2,0.1,27,subtrain,0.1096690520644187
2,0.1,27,validation,0.189324639737606
2,0.1,28,subtrain,0.1075064241886138
2,0.1,28,validation,0.1905753836035728
2,0.1,29,subtrain,0.1060869060456752
2,0.1,29,validation,0.1913208067417144
2,0.1,30,subtrain,0.1034983359277248
2,0.1,30,validation,0.189640462398529
2,0.1,31,subtrain,0.1027448736131191
2,0.1,31,validation,0.1909054443240165
2,0.1,32,subtrain,0.1056988015770912
2,0.1,32,validation,0.1982830539345741
2,0.1,33,subtrain,0.1009566895663738
2,0.1,33,validation,0.1940622925758361
2,0.1,34,subtrain,0.0972516275942325
2,0.1,34,validation,0.1896511614322662
2,0.1,35,subtrain,0.0965147018432617
2,0.1,35,validation,0.1903639137744903
2,0.1,36,subtrain,0.0975083000957965
2,0.1,36,validation,0.1926718577742576
2,0.1,37,subtrain,0.1021409444510936
2,0.1,37,validation,0.19821298122406
2,0.1,38,subtrain,0.0940940007567405
2,0.1,38,validation,0.1940865144133567
2,0.1,39,subtrain,0.0935365706682205
2,0.1,39,validation,0.193434789776802
2,0.1,40,subtrain,0.0886046178638935
2,0.1,40,validation,0.191804327070713
2,0.1,41,subtrain,0.0863603390753269
2,0.1,41,validation,0.1911031454801559
2,0.1,42,subtrain,0.0853193886578083
2,0.1,42,validation,0.1938612312078476
2,0.1,43,subtrain,0.0852658078074455
2,0.1,43,validation,0.1953984871506691
2,0.1,44,subtrain,0.0827256068587303
2,0.1,44,validation,0.1921658739447593
2,0.1,45,subtrain,0.0826665572822094
2,0.1,45,validation,0.1962476000189781
2,0.1,46,subtrain,0.0802648104727268
2,0.1,46,validation,0.1953069046139717
2,0.1,47,subtrain,0.0796133615076541
2,0.1,47,validation,0.1942327469587326
2,0.1,48,subtrain,0.0789786018431186
2,0.1,48,validation,0.1940451860427856
2,0.1,49,subtrain,0.0774396285414695
2,0.1,49,validation,0.1956349536776542
2,0.1,50,subtrain,0.079765934497118
2,0.1,50,validation,0.1993011906743049
2,0.1,51,subtrain,0.0756869055330753
2,0.1,51,validation,0.2005058974027633
2,0.1,52,subtrain,0.0723422542214393
2,0.1,52,validation,0.197730965912342
2,0.1,53,subtrain,0.0777035467326641
2,0.1,53,validation,0.2020511552691459
2,0.1,54,subtrain,0.069972313940525
2,0.1,54,validation,0.2008737251162529
2,0.1,55,subtrain,0.0723687633872032
2,0.1,55,validation,0.2047684267163276
2,0.1,56,subtrain,0.0684690065681934
2,0.1,56,validation,0.2002969458699226
2,0.1,57,subtrain,0.0767758563160896
2,0.1,57,validation,0.2077338472008705
2,0.1,58,subtrain,0.0713108703494072
2,0.1,58,validation,0.2076156660914421
2,0.1,59,subtrain,0.0645668618381023
2,0.1,59,validation,0.2041447088122367
2,0.1,60,subtrain,0.0651297029107809
2,0.1,60,validation,0.2034329324960708
2,0.1,61,subtrain,0.0721023865044117
2,0.1,61,validation,0.2163259983062744
2,0.1,62,subtrain,0.0631930287927389
2,0.1,62,validation,0.2084362208843231
2,0.1,63,subtrain,0.0635205581784248
2,0.1,63,validation,0.2079499959945678
2,0.1,64,subtrain,0.0596975721418857
2,0.1,64,validation,0.2082876935601234
2,0.1,65,subtrain,0.0606686603277921
2,0.1,65,validation,0.2126059159636497
2,0.1,66,subtrain,0.0623115766793489
2,0.1,66,validation,0.2151439115405082
2,0.1,67,subtrain,0.058193078264594
2,0.1,67,validation,0.2163069620728492
2,0.1,68,subtrain,0.0756265297532081
2,0.1,68,validation,0.2347529754042625
2,0.1,69,subtrain,0.0583769977092742
2,0.1,69,validation,0.2174521833658218
2,0.1,70,subtrain,0.0558535158634185
2,0.1,70,validation,0.214761421084404
2,0.1,71,subtrain,0.0728117525577545
2,0.1,71,validation,0.2383530288934707
2,0.1,72,subtrain,0.0536453407257795
2,0.1,72,validation,0.2174601629376411
2,0.1,73,subtrain,0.0517364498227834
2,0.1,73,validation,0.217816561460495
2,0.1,74,subtrain,0.057949349284172
2,0.1,74,validation,0.2309997454285621
2,0.1,75,subtrain,0.051095750182867
2,0.1,75,validation,0.2228992208838462
2,0.1,76,subtrain,0.0499616153538227
2,0.1,76,validation,0.2231912314891815
2,0.1,77,subtrain,0.0557663813233375
2,0.1,77,validation,0.2380930036306381
2,0.1,78,subtrain,0.0499235223978757
2,0.1,78,validation,0.2245370596647262
2,0.1,79,subtrain,0.0486407298594713
2,0.1,79,validation,0.2266391739249229
2,0.1,80,subtrain,0.0626798141747713
2,0.1,80,validation,0.2494286671280861
2,0.1,81,subtrain,0.0513700768351554
2,0.1,81,validation,0.2317731603980064
2,0.1,82,subtrain,0.0459315609186887
2,0.1,82,validation,0.2300995662808418
2,0.1,83,subtrain,0.0729286130517721
2,0.1,83,validation,0.2637895494699478
2,0.1,84,subtrain,0.0464224144816398
2,0.1,84,validation,0.2318625822663307
2,0.1,85,subtrain,0.0467508286237716
2,0.1,85,validation,0.2359956055879593
2,0.1,86,subtrain,0.0495464745908975
2,0.1,86,validation,0.2448029816150665
2,0.1,87,subtrain,0.0451724901795387
2,0.1,87,validation,0.2350524589419365
2,0.1,88,subtrain,0.04380938783288
2,0.1,88,validation,0.239051915705204
2,0.1,89,subtrain,0.043656650930643
2,0.1,89,validation,0.2410646602511406
2,0.1,90,subtrain,0.0414473991841077
2,0.1,90,validation,0.2387674674391746
2,0.1,91,subtrain,0.0453597791492939
2,0.1,91,validation,0.2442756369709968
2,0.1,92,subtrain,0.0495107658207416
2,0.1,92,validation,0.2518684417009353
2,0.1,93,subtrain,0.0517201256006956
2,0.1,93,validation,0.2574162036180496
2,0.1,94,subtrain,0.0795131828635931
2,0.1,94,validation,0.2796266973018646
2,0.1,95,subtrain,0.0643009282648563
2,0.1,95,validation,0.2645078897476196
2,0.1,96,subtrain,0.0595600511878728
2,0.1,96,validation,0.2585619911551475
2,0.1,97,subtrain,0.0430042818188667
2,0.1,97,validation,0.2517716363072395
2,0.1,98,subtrain,0.0399741698056459
2,0.1,98,validation,0.2444363310933113
2,0.1,99,subtrain,0.0384284872561693
2,0.1,99,validation,0.2482604011893272
3,0.2,0,subtrain,0.6328330338001251
3,0.2,0,validation,0.6341204047203064
3,0.2,1,subtrain,0.4161855727434158
3,0.2,1,validation,0.4215091317892074
3,0.2,2,subtrain,0.2419605776667595
3,0.2,2,validation,0.2573308050632477
3,0.2,3,subtrain,0.1988554969429969
3,0.2,3,validation,0.2250904440879821
3,0.2,4,subtrain,0.1803661435842514
3,0.2,4,validation,0.215439461171627
3,0.2,5,subtrain,0.1640870496630668
3,0.2,5,validation,0.2066895067691803
3,0.2,6,subtrain,0.2567059397697449
3,0.2,6,validation,0.3129424080252647
3,0.2,7,subtrain,0.1487859338521957
3,0.2,7,validation,0.199415810406208
3,0.2,8,subtrain,0.1448163390159607
3,0.2,8,validation,0.2076463475823402
3,0.2,9,subtrain,0.1360435262322425
3,0.2,9,validation,0.2052216604351997
3,0.2,10,subtrain,0.1338284313678741
3,0.2,10,validation,0.1979932710528373
3,0.2,11,subtrain,0.1671975962817669
3,0.2,11,validation,0.2302569672465324
3,0.2,12,subtrain,0.1199129410088062
3,0.2,12,validation,0.1953198537230491
3,0.2,13,subtrain,0.1242348775267601
3,0.2,13,validation,0.2100096121430397
3,0.2,14,subtrain,0.115882609039545
3,0.2,14,validation,0.2091008871793747
3,0.2,15,subtrain,0.1114611066877842
3,0.2,15,validation,0.2020669057965278
3,0.2,16,subtrain,0.1052986718714237
3,0.2,16,validation,0.2078415527939796
3,0.2,17,subtrain,0.0973540805280208
3,0.2,17,validation,0.2046464681625366
3,0.2,18,subtrain,0.093251496553421
3,0.2,18,validation,0.2062389850616455
3,0.2,19,subtrain,0.0841072648763656
3,0.2,19,validation,0.2004354074597358
3,0.2,20,subtrain,0.1399726457893848
3,0.2,20,validation,0.2640581056475639
3,0.2,21,subtrain,0.0967115350067615
3,0.2,21,validation,0.2248845174908638
3,0.2,22,subtrain,0.07691241055727
3,0.2,22,validation,0.2134016528725624
3,0.2,23,subtrain,0.1429654769599437
3,0.2,23,validation,0.2654491811990738
3,0.2,24,subtrain,0.0776385031640529
3,0.2,24,validation,0.2189253717660904
3,0.2,25,subtrain,0.274112144485116
3,0.2,25,validation,0.4027880057692528
3,0.2,26,subtrain,0.0848062261939048
3,0.2,26,validation,0.2241953536868095
3,0.2,27,subtrain,0.078527845442295
3,0.2,27,validation,0.2235073149204254
3,0.2,28,subtrain,0.0599820520728826
3,0.2,28,validation,0.2176398932933807
3,0.2,29,subtrain,0.13157594576478
3,0.2,29,validation,0.2755877375602722
3,0.2,30,subtrain,0.0690116938203573
3,0.2,30,validation,0.232920654118061
3,0.2,31,subtrain,0.070835655555129
3,0.2,31,validation,0.2303893491625785
3,0.2,32,subtrain,0.0577446427196264
3,0.2,32,validation,0.2323582768440246
3,0.2,33,subtrain,0.054923640564084
3,0.2,33,validation,0.225541278719902
3,0.2,34,subtrain,0.0745999440550804
3,0.2,34,validation,0.2545382231473923
3,0.2,35,subtrain,0.0749757122248411
3,0.2,35,validation,0.2653640806674957
3,0.2,36,subtrain,0.1764702592045068
3,0.2,36,validation,0.3706565648317337
3,0.2,37,subtrain,0.0712230671197176
3,0.2,37,validation,0.253675103187561
3,0.2,38,subtrain,0.0690782461315393
3,0.2,38,validation,0.2523776143789291
3,0.2,39,subtrain,0.0829191170632839
3,0.2,39,validation,0.2841315120458603
3,0.2,40,subtrain,0.0476774051785469
3,0.2,40,validation,0.2415754050016403
3,0.2,41,subtrain,0.0442137252539396
3,0.2,41,validation,0.2452959716320037
3,0.2,42,subtrain,0.1146640125662088
3,0.2,42,validation,0.3134806752204895
3,0.2,43,subtrain,0.2050191666930914
3,0.2,43,validation,0.4014931619167328
3,0.2,44,subtrain,0.1146213971078395
3,0.2,44,validation,0.3231424838304519
3,0.2,45,subtrain,0.0796021213755011
3,0.2,45,validation,0.2964207679033279
3,0.2,46,subtrain,0.0747044775635004
3,0.2,46,validation,0.2885861694812774
3,0.2,47,subtrain,0.0494337016716599
3,0.2,47,validation,0.2800464630126953
3,0.2,48,subtrain,0.0865284418687224
3,0.2,48,validation,0.3143338710069656
3,0.2,49,subtrain,0.09350604750216
3,0.2,49,validation,0.317940205335617
3,0.2,50,subtrain,0.0673527959734201
3,0.2,50,validation,0.2853129208087921
3,0.2,51,subtrain,0.0461586769670248
3,0.2,51,validation,0.2829163521528244
3,0.2,52,subtrain,0.0843768194317817
3,0.2,52,validation,0.31942118704319
3,0.2,53,subtrain,0.0382751366123557
3,0.2,53,validation,0.2796178385615349
3,0.2,54,subtrain,0.0359734315425157
3,0.2,54,validation,0.2773391157388687
3,0.2,55,subtrain,0.0376059496775269
3,0.2,55,validation,0.2927746474742889
3,0.2,56,subtrain,0.0283575924113392
3,0.2,56,validation,0.2837118208408355
3,0.2,57,subtrain,0.0356652541086077
3,0.2,57,validation,0.2951766848564148
3,0.2,58,subtrain,0.0962787782773375
3,0.2,58,validation,0.3690184503793716
3,0.2,59,subtrain,0.0362749360501766
3,0.2,59,validation,0.3114936798810959
3,0.2,60,subtrain,0.0279871942475438
3,0.2,60,validation,0.3007596284151077
3,0.2,61,subtrain,0.3220961168408394
3,0.2,61,validation,0.5820755511522293
3,0.2,62,subtrain,0.0523198377341032
3,0.2,62,validation,0.3450731188058853
3,0.2,63,subtrain,0.2851338451728225
3,0.2,63,validation,0.5545790791511536
3,0.2,64,subtrain,0.045508025214076
3,0.2,64,validation,0.2997608780860901
3,0.2,65,subtrain,0.0294278776273131
3,0.2,65,validation,0.2917793244123459
3,0.2,66,subtrain,0.0854563303291797
3,0.2,66,validation,0.3622498214244842
3,0.2,67,subtrain,0.0319991922006011
3,0.2,67,validation,0.2985252887010574
3,0.2,68,subtrain,0.0296464981511235
3,0.2,68,validation,0.3027691841125488
3,0.2,69,subtrain,0.0906940223649144
3,0.2,69,validation,0.3710876256227493
3,0.2,70,subtrain,0.0281426254659891
3,0.2,70,validation,0.3074745386838913
3,0.2,71,subtrain,0.1411950746551156
3,0.2,71,validation,0.4242891669273376
3,0.2,72,subtrain,0.0262649953365325
3,0.2,72,validation,0.3214089870452881
3,0.2,73,subtrain,0.0524248876608908
3,0.2,73,validation,0.3647341132164001
3,0.2,74,subtrain,0.0478893276304006
3,0.2,74,validation,0.3583795726299286
3,0.2,75,subtrain,0.0309854159131646
3,0.2,75,validation,0.323463574051857
3,0.2,76,subtrain,0.0298238303512334
3,0.2,76,validation,0.3396136909723282
3,0.2,77,subtrain,0.0620648888871073
3,0.2,77,validation,0.3649599552154541
3,0.2,78,subtrain,0.0264173708856105
3,0.2,78,validation,0.3394532799720764
3,0.2,79,subtrain,0.0220116693526506
3,0.2,79,validation,0.3313856273889541
3,0.2,80,subtrain,0.124426276423037
3,0.2,80,validation,0.4438312500715256
3,0.2,81,subtrain,0.0324883451685309
3,0.2,81,validation,0.349758505821228
3,0.2,82,subtrain,0.0220500393770635
3,0.2,82,validation,0.342954158782959
3,0.2,83,subtrain,0.0210242685861885
3,0.2,83,validation,0.344747856259346
3,0.2,84,subtrain,0.0224158354103565
3,0.2,84,validation,0.3513261079788208
3,0.2,85,subtrain,0.0201139580458402
3,0.2,85,validation,0.3502068072557449
3,0.2,86,subtrain,0.0293743684887886
3,0.2,86,validation,0.3588205575942993
3,0.2,87,subtrain,0.0533873196691274
3,0.2,87,validation,0.3919964134693146
3,0.2,88,subtrain,0.0266873063519597
3,0.2,88,validation,0.3544058352708816
3,0.2,89,subtrain,0.0181139595806598
3,0.2,89,validation,0.3517034351825714
3,0.2,90,subtrain,0.0306456871330738
3,0.2,90,validation,0.3823129087686538
3,0.2,91,subtrain,0.0234549101442098
3,0.2,91,validation,0.3662557005882263
3,0.2,92,subtrain,0.0218452522531151
3,0.2,92,validation,0.3665239959955215
3,0.2,93,subtrain,0.0167526379227638
3,0.2,93,validation,0.3690175861120224
3,0.2,94,subtrain,0.0176049298606812
3,0.2,94,validation,0.3768088966608047
3,0.2,95,subtrain,0.0823274012655019
3,0.2,95,validation,0.4420794993638992
3,0.2,96,subtrain,0.018905977718532
3,0.2,96,validation,0.38058702647686
3,0.2,97,subtrain,0.0165164321660995
3,0.2,97,validation,0.3809132874011993
3,0.2,98,subtrain,0.0175669412128627
3,0.2,98,validation,0.3894083350896835
3,0.2,99,subtrain,0.1574466191232204
3,0.2,99,validation,0.5451846867799759
1,0.1,0,subtrain,0.4840097576379776
1,0.1,0,validation,0.4874140322208404
1,0.1,1,subtrain,0.3621524572372436
1,0.1,1,validation,0.3659458756446838
1,0.1,2,subtrain,0.3019817769527435
1,0.1,2,validation,0.3077435046434402
1,0.1,3,subtrain,0.268386498093605
1,0.1,3,validation,0.2768028229475021
1,0.1,4,subtrain,0.247571013867855
1,0.1,4,validation,0.2593545615673065
1,0.1,5,subtrain,0.2330264672636985
1,0.1,5,validation,0.2477703541517257
1,0.1,6,subtrain,0.2215416952967643
1,0.1,6,validation,0.2398343011736869
1,0.1,7,subtrain,0.2123191952705383
1,0.1,7,validation,0.2338935062289238
1,0.1,8,subtrain,0.2044446095824241
1,0.1,8,validation,0.2290086820721626
1,0.1,9,subtrain,0.1983796283602714
1,0.1,9,validation,0.2254161462187767
1,0.1,10,subtrain,0.1921837329864502
1,0.1,10,validation,0.2216009870171547
1,0.1,11,subtrain,0.1870971098542213
1,0.1,11,validation,0.2180571556091308
1,0.1,12,subtrain,0.1825402677059173
1,0.1,12,validation,0.2155257537961006
1,0.1,13,subtrain,0.1786878183484077
1,0.1,13,validation,0.2133751139044761
1,0.1,14,subtrain,0.1753597036004066
1,0.1,14,validation,0.2113271430134773
1,0.1,15,subtrain,0.1718451008200645
1,0.1,15,validation,0.2095870450139045
1,0.1,16,subtrain,0.1687013357877731
1,0.1,16,validation,0.2073225677013397
1,0.1,17,subtrain,0.1659566611051559
1,0.1,17,validation,0.2056994885206222
1,0.1,18,subtrain,0.1634480655193328
1,0.1,18,validation,0.2047200053930282
1,0.1,19,subtrain,0.1608395129442215
1,0.1,19,validation,0.2033766657114029
1,0.1,20,subtrain,0.1585719063878059
1,0.1,20,validation,0.2025921493768692
1,0.1,21,subtrain,0.1566157415509224
1,0.1,21,validation,0.201655127108097
1,0.1,22,subtrain,0.1544096991419792
1,0.1,22,validation,0.2001755014061927
1,0.1,23,subtrain,0.1524112373590469
1,0.1,23,validation,0.1992679312825203
1,0.1,24,subtrain,0.1508143618702888
1,0.1,24,validation,0.1993957236409187
1,0.1,25,subtrain,0.1489171534776687
1,0.1,25,validation,0.197672963142395
1,0.1,26,subtrain,0.1470706686377525
1,0.1,26,validation,0.1965968385338783
1,0.1,27,subtrain,0.1457437723875045
1,0.1,27,validation,0.1963774859905243
1,0.1,28,subtrain,0.1440434828400612
1,0.1,28,validation,0.1957296431064605
1,0.1,29,subtrain,0.1424886956810951
1,0.1,29,validation,0.1945733875036239
1,0.1,30,subtrain,0.1411011964082718
1,0.1,30,validation,0.1945001035928726
1,0.1,31,subtrain,0.1395681202411651
1,0.1,31,validation,0.1934357360005378
1,0.1,32,subtrain,0.1383004412055015
1,0.1,32,validation,0.1928389593958854
1,0.1,33,subtrain,0.1369695886969566
1,0.1,33,validation,0.191918209195137
1,0.1,34,subtrain,0.1361957862973213
1,0.1,34,validation,0.1923886314034462
1,0.1,35,subtrain,0.1345689594745636
1,0.1,35,validation,0.1912422552704811
1,0.1,36,subtrain,0.1332058608531952
1,0.1,36,validation,0.1909145936369896
1,0.1,37,subtrain,0.1321846693754196
1,0.1,37,validation,0.1894948631525039
1,0.1,38,subtrain,0.1309094205498695
1,0.1,38,validation,0.1897630840539932
1,0.1,39,subtrain,0.129745103418827
1,0.1,39,validation,0.189572088420391
1,0.1,40,subtrain,0.1287573203444481
1,0.1,40,validation,0.1891462653875351
1,0.1,41,subtrain,0.1278989166021347
1,0.1,41,validation,0.1892944872379303
1,0.1,42,subtrain,0.1265263929963112
1,0.1,42,validation,0.1889934539794922
1,0.1,43,subtrain,0.1257154420018196
1,0.1,43,validation,0.1888700947165489
1,0.1,44,subtrain,0.1245379783213138
1,0.1,44,validation,0.1879898086190223
1,0.1,45,subtrain,0.1240551322698593
1,0.1,45,validation,0.1879378631711006
1,0.1,46,subtrain,0.1226181834936142
1,0.1,46,validation,0.1877079978585243
1,0.1,47,subtrain,0.1231982894241809
1,0.1,47,validation,0.1883678361773491
1,0.1,48,subtrain,0.1209319457411766
1,0.1,48,validation,0.1872002631425857
1,0.1,49,subtrain,0.1199030391871929
1,0.1,49,validation,0.1860054954886436
1,0.1,50,subtrain,0.1191811710596084
1,0.1,50,validation,0.1857027783989906
1,0.1,51,subtrain,0.1182623356580734
1,0.1,51,validation,0.1856597289443016
1,0.1,52,subtrain,0.1176926642656326
1,0.1,52,validation,0.1857532560825348
1,0.1,53,subtrain,0.1166940182447433
1,0.1,53,validation,0.1851096078753471
1,0.1,54,subtrain,0.1157953441143035
1,0.1,54,validation,0.1852825731039047
1,0.1,55,subtrain,0.115815419703722
1,0.1,55,validation,0.1847871020436287
1,0.1,56,subtrain,0.11434156447649
1,0.1,56,validation,0.1849613636732101
1,0.1,57,subtrain,0.1135295554995536
1,0.1,57,validation,0.1847824081778526
1,0.1,58,subtrain,0.1129380166530609
1,0.1,58,validation,0.1855675503611564
1,0.1,59,subtrain,0.1119494326412677
1,0.1,59,validation,0.1847150027751922
1,0.1,60,subtrain,0.1114709638059139
1,0.1,60,validation,0.1846606060862541
1,0.1,61,subtrain,0.1105731725692749
1,0.1,61,validation,0.1847192645072937
1,0.1,62,subtrain,0.1099767796695232
1,0.1,62,validation,0.18474942445755
1,0.1,63,subtrain,0.1094046011567115
1,0.1,63,validation,0.1841301098465919
1,0.1,64,subtrain,0.1088453382253646
1,0.1,64,validation,0.1845156699419021
1,0.1,65,subtrain,0.1079405471682548
1,0.1,65,validation,0.1844143718481063
1,0.1,66,subtrain,0.1074796840548515
1,0.1,66,validation,0.1844760999083519
1,0.1,67,subtrain,0.1069116406142711
1,0.1,67,validation,0.1838358044624328
1,0.1,68,subtrain,0.1063737086951732
1,0.1,68,validation,0.1850607171654701
1,0.1,69,subtrain,0.1058946773409843
1,0.1,69,validation,0.1848020404577255
1,0.1,70,subtrain,0.104940015822649
1,0.1,70,validation,0.1846580356359481
1,0.1,71,subtrain,0.1041180454194545
1,0.1,71,validation,0.1841407120227813
1,0.1,72,subtrain,0.1036201864480972
1,0.1,72,validation,0.1839623376727104
1,0.1,73,subtrain,0.1034948080778122
1,0.1,73,validation,0.183995135128498
1,0.1,74,subtrain,0.1024057865142822
1,0.1,74,validation,0.1843381449580192
1,0.1,75,subtrain,0.1027443557977676
1,0.1,75,validation,0.1839172542095184
1,0.1,76,subtrain,0.1012404896318912
1,0.1,76,validation,0.184011310338974
1,0.1,77,subtrain,0.1010505929589271
1,0.1,77,validation,0.1833199188113212
1,0.1,78,subtrain,0.1005822196602821
1,0.1,78,validation,0.1847162768244743
1,0.1,79,subtrain,0.0995418168604374
1,0.1,79,validation,0.1838413476943969
1,0.1,80,subtrain,0.0990243703126907
1,0.1,80,validation,0.1840609833598137
1,0.1,81,subtrain,0.09859025105834
1,0.1,81,validation,0.1847481727600097
1,0.1,82,subtrain,0.0979942120611667
1,0.1,82,validation,0.1844707056879997
1,0.1,83,subtrain,0.0973985604941845
1,0.1,83,validation,0.1838556751608848
1,0.1,84,subtrain,0.0969019830226898
1,0.1,84,validation,0.18400239944458
1,0.1,85,subtrain,0.096587311476469
1,0.1,85,validation,0.1840030252933502
1,0.1,86,subtrain,0.0961443483829498
1,0.1,86,validation,0.184744507074356
1,0.1,87,subtrain,0.0952523313462734
1,0.1,87,validation,0.1840599402785301
1,0.1,88,subtrain,0.0946600660681724
1,0.1,88,validation,0.1847005859017372
1,0.1,89,subtrain,0.0943585075438022
1,0.1,89,validation,0.1849439665675163
1,0.1,90,subtrain,0.0944886766374111
1,0.1,90,validation,0.1856919676065445
1,0.1,91,subtrain,0.0933887735009193
1,0.1,91,validation,0.1863344013690948
1,0.1,92,subtrain,0.0930579528212547
1,0.1,92,validation,0.1855959966778755
1,0.1,93,subtrain,0.0925654098391532
1,0.1,93,validation,0.184299498796463
1,0.1,94,subtrain,0.0918872766196727
1,0.1,94,validation,0.1845362111926078
1,0.1,95,subtrain,0.091312225908041
1,0.1,95,validation,0.1859537810087204
1,0.1,96,subtrain,0.0907534547150135
1,0.1,96,validation,0.1849879026412964
1,0.1,97,subtrain,0.0903857871890068
1,0.1,97,validation,0.1845481768250465
1,0.1,98,subtrain,0.0898438170552253
1,0.1,98,validation,0.1845846101641655
1,0.1,99,subtrain,0.0894316062331199
1,0.1,99,validation,0.1855117678642273
1,0.01,0,subtrain,0.6733641624450684
1,0.01,0,validation,0.6785963475704193
1,0.01,1,subtrain,0.6442597508430481
1,0.01,1,validation,0.649297297000885
1,0.01,2,subtrain,0.6196694374084473
1,0.01,2,validation,0.6248603761196136
1,0.01,3,subtrain,0.5972715616226196
1,0.01,3,validation,0.6027399301528931
1,0.01,4,subtrain,0.5764471888542175
1,0.01,4,validation,0.5821688175201416
1,0.01,5,subtrain,0.5568228363990784
1,0.01,5,validation,0.5628993511199951
1,0.01,6,subtrain,0.5378715693950653
1,0.01,6,validation,0.5442773699760437
1,0.01,7,subtrain,0.5197557210922241
1,0.01,7,validation,0.5265119075775146
1,0.01,8,subtrain,0.5023537278175354
1,0.01,8,validation,0.509441539645195
1,0.01,9,subtrain,0.4855521917343139
1,0.01,9,validation,0.492976039648056
1,0.01,10,subtrain,0.4696793705224991
1,0.01,10,validation,0.4773930311203003
1,0.01,11,subtrain,0.4548363089561462
1,0.01,11,validation,0.4627754092216491
1,0.01,12,subtrain,0.440657839179039
1,0.01,12,validation,0.4488426446914673
1,0.01,13,subtrain,0.4273545295000076
1,0.01,13,validation,0.4357343763113022
1,0.01,14,subtrain,0.4148541688919067
1,0.01,14,validation,0.4234304577112198
1,0.01,15,subtrain,0.4031906425952911
1,0.01,15,validation,0.4119529873132705
1,0.01,16,subtrain,0.3924184590578079
1,0.01,16,validation,0.4013569205999374
1,0.01,17,subtrain,0.3822117000818252
1,0.01,17,validation,0.3913302719593048
1,0.01,18,subtrain,0.372818261384964
1,0.01,18,validation,0.3821141421794891
1,0.01,19,subtrain,0.3639740496873855
1,0.01,19,validation,0.3734424710273742
1,0.01,20,subtrain,0.355805292725563
1,0.01,20,validation,0.3654575645923614
1,0.01,21,subtrain,0.3482071757316589
1,0.01,21,validation,0.3580477982759475
1,0.01,22,subtrain,0.3411083668470382
1,0.01,22,validation,0.3511407822370529
1,0.01,23,subtrain,0.3344544470310211
1,0.01,23,validation,0.3446841537952423
1,0.01,24,subtrain,0.3282607793807983
1,0.01,24,validation,0.3386857956647873
1,0.01,25,subtrain,0.3225061148405075
1,0.01,25,validation,0.3331456184387207
1,0.01,26,subtrain,0.3171051889657974
1,0.01,26,validation,0.3279827386140823
1,0.01,27,subtrain,0.3120930045843124
1,0.01,27,validation,0.3232177197933197
1,0.01,28,subtrain,0.3072890192270279
1,0.01,28,validation,0.3186746537685394
1,0.01,29,subtrain,0.302790105342865
1,0.01,29,validation,0.3144567906856537
1,0.01,30,subtrain,0.298528715968132
1,0.01,30,validation,0.3104857355356216
1,0.01,31,subtrain,0.2945803999900818
1,0.01,31,validation,0.3068161457777023
1,0.01,32,subtrain,0.290788471698761
1,0.01,32,validation,0.3033171147108078
1,0.01,33,subtrain,0.2872132807970047
1,0.01,33,validation,0.300038069486618
1,0.01,34,subtrain,0.2837704420089721
1,0.01,34,validation,0.2969001531600952
1,0.01,35,subtrain,0.2805219888687134
1,0.01,35,validation,0.2939621955156326
1,0.01,36,subtrain,0.2774033397436142
1,0.01,36,validation,0.2911585718393326
1,0.01,37,subtrain,0.2744574248790741
1,0.01,37,validation,0.2885255068540573
1,0.01,38,subtrain,0.2716493159532547
1,0.01,38,validation,0.2860335260629654
1,0.01,39,subtrain,0.2689488530158996
1,0.01,39,validation,0.2836782336235046
1,0.01,40,subtrain,0.2664079666137695
1,0.01,40,validation,0.2814540117979049
1,0.01,41,subtrain,0.2639524787664413
1,0.01,41,validation,0.2793428003787994
1,0.01,42,subtrain,0.2615962028503418
1,0.01,42,validation,0.2773134708404541
1,0.01,43,subtrain,0.2593535780906677
1,0.01,43,validation,0.2754124253988266
1,0.01,44,subtrain,0.2571594417095184
1,0.01,44,validation,0.2735395729541778
1,0.01,45,subtrain,0.2550324499607086
1,0.01,45,validation,0.2717381417751312
1,0.01,46,subtrain,0.2529919967055321
1,0.01,46,validation,0.2700265496969223
1,0.01,47,subtrain,0.2510291263461113
1,0.01,47,validation,0.268387570977211
1,0.01,48,subtrain,0.2491313368082046
1,0.01,48,validation,0.266831710934639
1,0.01,49,subtrain,0.2473350390791893
1,0.01,49,validation,0.2653905153274536
1,0.01,50,subtrain,0.2455640211701393
1,0.01,50,validation,0.2639599293470382
1,0.01,51,subtrain,0.2438164204359054
1,0.01,51,validation,0.2625416666269302
1,0.01,52,subtrain,0.2421720176935196
1,0.01,52,validation,0.261299192905426
1,0.01,53,subtrain,0.2405843064188957
1,0.01,53,validation,0.2600157260894775
1,0.01,54,subtrain,0.239045612514019
1,0.01,54,validation,0.2588976919651031
1,0.01,55,subtrain,0.2375410795211792
1,0.01,55,validation,0.2577102333307266
1,0.01,56,subtrain,0.2360877245664596
1,0.01,56,validation,0.2565513700246811
1,0.01,57,subtrain,0.2346657589077949
1,0.01,57,validation,0.2554693520069122
1,0.01,58,subtrain,0.2332790642976761
1,0.01,58,validation,0.2543960511684418
1,0.01,59,subtrain,0.2319322898983955
1,0.01,59,validation,0.2533487379550934
1,0.01,60,subtrain,0.2306281626224517
1,0.01,60,validation,0.2523770034313202
1,0.01,61,subtrain,0.2293775230646133
1,0.01,61,validation,0.2514336183667183
1,0.01,62,subtrain,0.2281306684017181
1,0.01,62,validation,0.25051199644804
1,0.01,63,subtrain,0.226944014430046
1,0.01,63,validation,0.2496283501386642
1,0.01,64,subtrain,0.2257797941565513
1,0.01,64,validation,0.2487329617142677
1,0.01,65,subtrain,0.2246549129486084
1,0.01,65,validation,0.2479041740298271
1,0.01,66,subtrain,0.2235562056303024
1,0.01,66,validation,0.2471064180135727
1,0.01,67,subtrain,0.2224806025624275
1,0.01,67,validation,0.2463145777583122
1,0.01,68,subtrain,0.2214177921414375
1,0.01,68,validation,0.2455275580286979
1,0.01,69,subtrain,0.2203785330057144
1,0.01,69,validation,0.2447578608989715
1,0.01,70,subtrain,0.2193802446126938
1,0.01,70,validation,0.2440430521965026
1,0.01,71,subtrain,0.2183874025940895
1,0.01,71,validation,0.2433454021811485
1,0.01,72,subtrain,0.2174088582396507
1,0.01,72,validation,0.2426310032606125
1,0.01,73,subtrain,0.2164473161101341
1,0.01,73,validation,0.2419550940394401
1,0.01,74,subtrain,0.2155237719416618
1,0.01,74,validation,0.241272360086441
1,0.01,75,subtrain,0.2146249562501907
1,0.01,75,validation,0.24065001308918
1,0.01,76,subtrain,0.2137365937232971
1,0.01,76,validation,0.2400199398398399
1,0.01,77,subtrain,0.2128751501441002
1,0.01,77,validation,0.2394022941589355
1,0.01,78,subtrain,0.2120125740766525
1,0.01,78,validation,0.2387864738702774
1,0.01,79,subtrain,0.2111714258790016
1,0.01,79,validation,0.2381982803344726
1,0.01,80,subtrain,0.2103485465049743
1,0.01,80,validation,0.2376860678195953
1,0.01,81,subtrain,0.2095418870449066
1,0.01,81,validation,0.2371128723025322
1,0.01,82,subtrain,0.2087327018380165
1,0.01,82,validation,0.2365859672427177
1,0.01,83,subtrain,0.2079432904720306
1,0.01,83,validation,0.2360099107027053
1,0.01,84,subtrain,0.2071743234992027
1,0.01,84,validation,0.2355025857686996
1,0.01,85,subtrain,0.2064055725932121
1,0.01,85,validation,0.2349473163485527
1,0.01,86,subtrain,0.2056975662708282
1,0.01,86,validation,0.2344009429216385
1,0.01,87,subtrain,0.204969510436058
1,0.01,87,validation,0.2338971048593521
1,0.01,88,subtrain,0.2042742818593979
1,0.01,88,validation,0.2333947643637657
1,0.01,89,subtrain,0.203570045530796
1,0.01,89,validation,0.2328797578811645
1,0.01,90,subtrain,0.2028898298740387
1,0.01,90,validation,0.2324346750974655
1,0.01,91,subtrain,0.2022224366664886
1,0.01,91,validation,0.2319742515683174
1,0.01,92,subtrain,0.2015630602836609
1,0.01,92,validation,0.2315289750695228
1,0.01,93,subtrain,0.2009080648422241
1,0.01,93,validation,0.2310971915721893
1,0.01,94,subtrain,0.2002634778618812
1,0.01,94,validation,0.2306713983416557
1,0.01,95,subtrain,0.1996347531676292
1,0.01,95,validation,0.2302396520972252
1,0.01,96,subtrain,0.1990115270018577
1,0.01,96,validation,0.229799747467041
1,0.01,97,subtrain,0.1984061300754547
1,0.01,97,validation,0.2293914631009102
1,0.01,98,subtrain,0.1977965533733368
1,0.01,98,validation,0.2289601415395736
1,0.01,99,subtrain,0.1972046867012977
1,0.01,99,validation,0.2285467982292175
2,0.01,0,subtrain,0.6836563348770142
2,0.01,0,validation,0.6856818795204163
2,0.01,1,subtrain,0.6731196045875549
2,0.01,1,validation,0.6748519241809845
2,0.01,2,subtrain,0.6637226045131683
2,0.01,2,validation,0.6652310490608215
2,0.01,3,subtrain,0.6550499796867371
2,0.01,3,validation,0.6564044654369354
2,0.01,4,subtrain,0.646833062171936
2,0.01,4,validation,0.6481293439865112
2,0.01,5,subtrain,0.6386369168758392
2,0.01,5,validation,0.6399422585964203
2,0.01,6,subtrain,0.6301770210266113
2,0.01,6,validation,0.6315150856971741
2,0.01,7,subtrain,0.62132528424263
2,0.01,7,validation,0.6227057874202728
2,0.01,8,subtrain,0.6119212210178375
2,0.01,8,validation,0.6134236752986908
2,0.01,9,subtrain,0.6018470823764801
2,0.01,9,validation,0.6034986078739166
2,0.01,10,subtrain,0.5910932123661041
2,0.01,10,validation,0.5929706990718842
2,0.01,11,subtrain,0.5793001651763916
2,0.01,11,validation,0.5813639461994171
2,0.01,12,subtrain,0.5666632354259491
2,0.01,12,validation,0.5690232217311859
2,0.01,13,subtrain,0.5531761944293976
2,0.01,13,validation,0.5558353066444397
2,0.01,14,subtrain,0.5388402044773102
2,0.01,14,validation,0.541806161403656
2,0.01,15,subtrain,0.5237776935100555
2,0.01,15,validation,0.5270549952983856
2,0.01,16,subtrain,0.5079768598079681
2,0.01,16,validation,0.5115939825773239
2,0.01,17,subtrain,0.4916322827339172
2,0.01,17,validation,0.4956302046775818
2,0.01,18,subtrain,0.4750179201364517
2,0.01,18,validation,0.4794175624847412
2,0.01,19,subtrain,0.4583710730075836
2,0.01,19,validation,0.4631559550762176
2,0.01,20,subtrain,0.441837802529335
2,0.01,20,validation,0.4470344930887222
2,0.01,21,subtrain,0.4256805777549743
2,0.01,21,validation,0.4312852025032043
2,0.01,22,subtrain,0.4100423008203506
2,0.01,22,validation,0.4160992503166199
2,0.01,23,subtrain,0.3952395319938659
2,0.01,23,validation,0.4017643332481384
2,0.01,24,subtrain,0.3813180029392242
2,0.01,24,validation,0.3882806897163391
2,0.01,25,subtrain,0.3682083636522293
2,0.01,25,validation,0.3756364583969116
2,0.01,26,subtrain,0.3560639023780823
2,0.01,26,validation,0.3639642298221588
2,0.01,27,subtrain,0.3447663486003876
2,0.01,27,validation,0.3531174808740616
2,0.01,28,subtrain,0.3342588692903518
2,0.01,28,validation,0.3430666476488113
2,0.01,29,subtrain,0.3248698562383652
2,0.01,29,validation,0.3341106623411178
2,0.01,30,subtrain,0.3160582631826401
2,0.01,30,validation,0.3257405459880829
2,0.01,31,subtrain,0.3079978972673416
2,0.01,31,validation,0.3181492686271667
2,0.01,32,subtrain,0.300673708319664
2,0.01,32,validation,0.3112906515598297
2,0.01,33,subtrain,0.2939903736114502
2,0.01,33,validation,0.3050847798585892
2,0.01,34,subtrain,0.2877967804670334
2,0.01,34,validation,0.2993859797716141
2,0.01,35,subtrain,0.2821418642997741
2,0.01,35,validation,0.2942141145467758
2,0.01,36,subtrain,0.2768197208642959
2,0.01,36,validation,0.2894006371498108
2,0.01,37,subtrain,0.2718715220689773
2,0.01,37,validation,0.2849786281585693
2,0.01,38,subtrain,0.2672386467456817
2,0.01,38,validation,0.2808717042207718
2,0.01,39,subtrain,0.262962207198143
2,0.01,39,validation,0.2771320044994354
2,0.01,40,subtrain,0.2589322328567505
2,0.01,40,validation,0.273669883608818
2,0.01,41,subtrain,0.2552306652069092
2,0.01,41,validation,0.2705463767051697
2,0.01,42,subtrain,0.2517528608441353
2,0.01,42,validation,0.2676366120576858
2,0.01,43,subtrain,0.2484206855297088
2,0.01,43,validation,0.264896035194397
2,0.01,44,subtrain,0.2453362792730331
2,0.01,44,validation,0.2624816223978996
2,0.01,45,subtrain,0.2423360049724578
2,0.01,45,validation,0.2601069137454033
2,0.01,46,subtrain,0.2394172847270965
2,0.01,46,validation,0.2577529400587082
2,0.01,47,subtrain,0.2366540879011154
2,0.01,47,validation,0.255636602640152
2,0.01,48,subtrain,0.2341028675436973
2,0.01,48,validation,0.2537335380911827
2,0.01,49,subtrain,0.2316004037857055
2,0.01,49,validation,0.2518204674124717
2,0.01,50,subtrain,0.2292145490646362
2,0.01,50,validation,0.2500431314110756
2,0.01,51,subtrain,0.2269018739461898
2,0.01,51,validation,0.2483656257390976
2,0.01,52,subtrain,0.2246999964118003
2,0.01,52,validation,0.2467617690563202
2,0.01,53,subtrain,0.2226172685623169
2,0.01,53,validation,0.2452623769640922
2,0.01,54,subtrain,0.2205947414040565
2,0.01,54,validation,0.2438350990414619
2,0.01,55,subtrain,0.2186437845230102
2,0.01,55,validation,0.2424359396100044
2,0.01,56,subtrain,0.2167391777038574
2,0.01,56,validation,0.2411848977208137
2,0.01,57,subtrain,0.2149641439318657
2,0.01,57,validation,0.2400022596120834
2,0.01,58,subtrain,0.2132143005728721
2,0.01,58,validation,0.2388206496834755
2,0.01,59,subtrain,0.2115452885627746
2,0.01,59,validation,0.2377436310052871
2,0.01,60,subtrain,0.2099261879920959
2,0.01,60,validation,0.236687459051609
2,0.01,61,subtrain,0.2083547860383987
2,0.01,61,validation,0.2356730923056602
2,0.01,62,subtrain,0.2068655416369438
2,0.01,62,validation,0.2347582951188087
2,0.01,63,subtrain,0.2053878158330917
2,0.01,63,validation,0.2338151633739471
2,0.01,64,subtrain,0.2039602324366569
2,0.01,64,validation,0.2329067140817642
2,0.01,65,subtrain,0.2025727778673172
2,0.01,65,validation,0.232043944299221
2,0.01,66,subtrain,0.2012573182582855
2,0.01,66,validation,0.2311597913503646
2,0.01,67,subtrain,0.1999047473073005
2,0.01,67,validation,0.2303310930728912
2,0.01,68,subtrain,0.1986441239714622
2,0.01,68,validation,0.2295481190085411
2,0.01,69,subtrain,0.1973925977945327
2,0.01,69,validation,0.228791207075119
2,0.01,70,subtrain,0.1962163150310516
2,0.01,70,validation,0.228109061717987
2,0.01,71,subtrain,0.1950363516807556
2,0.01,71,validation,0.2274023443460464
2,0.01,72,subtrain,0.1938979998230934
2,0.01,72,validation,0.2267249301075935
2,0.01,73,subtrain,0.1927828416228294
2,0.01,73,validation,0.2260426431894302
2,0.01,74,subtrain,0.1916823387145996
2,0.01,74,validation,0.2253968268632888
2,0.01,75,subtrain,0.1906028911471367
2,0.01,75,validation,0.2248774841427803
2,0.01,76,subtrain,0.1895245388150215
2,0.01,76,validation,0.2242643758654594
2,0.01,77,subtrain,0.1884817257523536
2,0.01,77,validation,0.2236081063747406
2,0.01,78,subtrain,0.1874610111117363
2,0.01,78,validation,0.2229703217744827
2,0.01,79,subtrain,0.186490386724472
2,0.01,79,validation,0.2222876325249672
2,0.01,80,subtrain,0.1855348274111747
2,0.01,80,validation,0.2216696813702583
2,0.01,81,subtrain,0.1845840662717819
2,0.01,81,validation,0.2210793048143386
2,0.01,82,subtrain,0.1836509853601455
2,0.01,82,validation,0.2205178514122963
2,0.01,83,subtrain,0.1827693730592727
2,0.01,83,validation,0.2199600115418434
2,0.01,84,subtrain,0.1818942874670028
2,0.01,84,validation,0.21944210678339
2,0.01,85,subtrain,0.1810330152511596
2,0.01,85,validation,0.2189127951860427
2,0.01,86,subtrain,0.1801922172307968
2,0.01,86,validation,0.2184232845902443
2,0.01,87,subtrain,0.1793649643659591
2,0.01,87,validation,0.2179048880934715
2,0.01,88,subtrain,0.178529754281044
2,0.01,88,validation,0.217433899641037
2,0.01,89,subtrain,0.1777207106351852
2,0.01,89,validation,0.2169470712542534
2,0.01,90,subtrain,0.1769402772188186
2,0.01,90,validation,0.2164963707327842
2,0.01,91,subtrain,0.1761729344725608
2,0.01,91,validation,0.2160463184118271
2,0.01,92,subtrain,0.1753949671983719
2,0.01,92,validation,0.2156577333807945
2,0.01,93,subtrain,0.1746599674224853
2,0.01,93,validation,0.2153073772788047
2,0.01,94,subtrain,0.1739577353000641
2,0.01,94,validation,0.2149236500263214
2,0.01,95,subtrain,0.1732471734285354
2,0.01,95,validation,0.2145189568400383
2,0.01,96,subtrain,0.1725610196590423
2,0.01,96,validation,0.2141079604625702
2,0.01,97,subtrain,0.1718780919909477
2,0.01,97,validation,0.2136714980006218
2,0.01,98,subtrain,0.1711924448609352
2,0.01,98,validation,0.2132826372981071
2,0.01,99,subtrain,0.1705302596092224
2,0.01,99,validation,0.2129302769899368
3,0.1,0,subtrain,0.6597554683685303
3,0.1,0,validation,0.6600077748298645
3,0.1,1,subtrain,0.6227013468742371
3,0.1,1,validation,0.6238904297351837
3,0.1,2,subtrain,0.5326444804668427
3,0.1,2,validation,0.5344236195087433
3,0.1,3,subtrain,0.3697588890790939
3,0.1,3,validation,0.3739918917417526
3,0.1,4,subtrain,0.2692368924617767
3,0.1,4,validation,0.2787030786275863
3,0.1,5,subtrain,0.2334105670452118
3,0.1,5,validation,0.2504024654626846
3,0.1,6,subtrain,0.205847792327404
3,0.1,6,validation,0.2335530146956443
3,0.1,7,subtrain,0.1877773478627205
3,0.1,7,validation,0.2224743366241455
3,0.1,8,subtrain,0.1757747381925583
3,0.1,8,validation,0.2164966985583305
3,0.1,9,subtrain,0.1681460887193679
3,0.1,9,validation,0.212678387761116
3,0.1,10,subtrain,0.1600382700562477
3,0.1,10,validation,0.2102042213082313
3,0.1,11,subtrain,0.15789645165205
3,0.1,11,validation,0.2113488465547561
3,0.1,12,subtrain,0.1479745432734489
3,0.1,12,validation,0.2054121643304824
3,0.1,13,subtrain,0.1446388885378837
3,0.1,13,validation,0.2061390206217765
3,0.1,14,subtrain,0.1354384645819664
3,0.1,14,validation,0.2003358155488968
3,0.1,15,subtrain,0.1422359198331833
3,0.1,15,validation,0.2126977071166038
3,0.1,16,subtrain,0.1289230287075042
3,0.1,16,validation,0.199050523340702
3,0.1,17,subtrain,0.1231566071510315
3,0.1,17,validation,0.1991367489099502
3,0.1,18,subtrain,0.1249643713235855
3,0.1,18,validation,0.2008371129631996
3,0.1,19,subtrain,0.1192559711635112
3,0.1,19,validation,0.2024229615926742
3,0.1,20,subtrain,0.1148481853306293
3,0.1,20,validation,0.1944514960050583
3,0.1,21,subtrain,0.1123668923974037
3,0.1,21,validation,0.1982762068510055
3,0.1,22,subtrain,0.1095770448446273
3,0.1,22,validation,0.1993069872260093
3,0.1,23,subtrain,0.1087719984352588
3,0.1,23,validation,0.2020345851778984
3,0.1,24,subtrain,0.1040968261659145
3,0.1,24,validation,0.2020186334848404
3,0.1,25,subtrain,0.1052226088941097
3,0.1,25,validation,0.2026592567563057
3,0.1,26,subtrain,0.0964027345180511
3,0.1,26,validation,0.2014884948730468
3,0.1,27,subtrain,0.0950056575238704
3,0.1,27,validation,0.2036752253770828
3,0.1,28,subtrain,0.0977569296956062
3,0.1,28,validation,0.2027046084403991
3,0.1,29,subtrain,0.0901052840054035
3,0.1,29,validation,0.1986894086003303
3,0.1,30,subtrain,0.1091898530721664
3,0.1,30,validation,0.2271528467535972
3,0.1,31,subtrain,0.085442591458559
3,0.1,31,validation,0.199171669781208
3,0.1,32,subtrain,0.0904522016644477
3,0.1,32,validation,0.2097488194704055
3,0.1,33,subtrain,0.0833002775907516
3,0.1,33,validation,0.2059016674757003
3,0.1,34,subtrain,0.1046671643853187
3,0.1,34,validation,0.2315683811903
3,0.1,35,subtrain,0.0749990046024322
3,0.1,35,validation,0.2042453363537788
3,0.1,36,subtrain,0.0731076262891292
3,0.1,36,validation,0.2076908573508262
3,0.1,37,subtrain,0.0738911516964435
3,0.1,37,validation,0.2131586819887161
3,0.1,38,subtrain,0.0747220329940319
3,0.1,38,validation,0.2157506942749023
3,0.1,39,subtrain,0.0759551599621772
3,0.1,39,validation,0.2190699949860572
3,0.1,40,subtrain,0.0718679800629615
3,0.1,40,validation,0.2196970582008361
3,0.1,41,subtrain,0.0695737842470407
3,0.1,41,validation,0.2177665308117866
3,0.1,42,subtrain,0.0641711838543415
3,0.1,42,validation,0.2168248742818832
3,0.1,43,subtrain,0.0692172087728977
3,0.1,43,validation,0.2260713055729866
3,0.1,44,subtrain,0.0770353563129901
3,0.1,44,validation,0.2300058528780937
3,0.1,45,subtrain,0.0624692570418119
3,0.1,45,validation,0.2223546132445335
3,0.1,46,subtrain,0.0690486524254083
3,0.1,46,validation,0.2347666174173355
3,0.1,47,subtrain,0.0680825319141149
3,0.1,47,validation,0.2353528290987014
3,0.1,48,subtrain,0.0616296585649251
3,0.1,48,validation,0.2308763638138771
3,0.1,49,subtrain,0.061889374628663
3,0.1,49,validation,0.236910305917263
3,0.1,50,subtrain,0.0639102924615144
3,0.1,50,validation,0.2409550473093986
3,0.1,51,subtrain,0.0614802706986665
3,0.1,51,validation,0.2424995675683021
3,0.1,52,subtrain,0.0591227952390909
3,0.1,52,validation,0.2445132583379745
3,0.1,53,subtrain,0.0956015363335609
3,0.1,53,validation,0.2767019644379616
3,0.1,54,subtrain,0.0858168620616197
3,0.1,54,validation,0.2697920054197311
3,0.1,55,subtrain,0.1065385639667511
3,0.1,55,validation,0.2984517887234688
3,0.1,56,subtrain,0.0546141769737005
3,0.1,56,validation,0.2526643797755241
3,0.1,57,subtrain,0.0469828471541404
3,0.1,57,validation,0.2426545470952987
3,0.1,58,subtrain,0.3088281061500311
3,0.1,58,validation,0.4992007240653038
3,0.1,59,subtrain,0.0545079782605171
3,0.1,59,validation,0.2386008873581886
3,0.1,60,subtrain,0.0508364997804164
3,0.1,60,validation,0.248081736266613
3,0.1,61,subtrain,0.0543515849858522
3,0.1,61,validation,0.2493121549487114
3,0.1,62,subtrain,0.0475428719073534
3,0.1,62,validation,0.2539704889059067
3,0.1,63,subtrain,0.0447914935648441
3,0.1,63,validation,0.2502815350890159
3,0.1,64,subtrain,0.05460069142282
3,0.1,64,validation,0.2717839479446411
3,0.1,65,subtrain,0.0500064957886934
3,0.1,65,validation,0.2582961320877075
3,0.1,66,subtrain,0.0433901734650135
3,0.1,66,validation,0.2570291608572006
3,0.1,67,subtrain,0.0419179629534482
3,0.1,67,validation,0.2572527378797531
3,0.1,68,subtrain,0.128774294629693
3,0.1,68,validation,0.3527446389198303
3,0.1,69,subtrain,0.037012567743659
3,0.1,69,validation,0.2591611593961715
3,0.1,70,subtrain,0.0391892101615667
3,0.1,70,validation,0.2598490566015243
3,0.1,71,subtrain,0.0594481891021132
3,0.1,71,validation,0.288602352142334
3,0.1,72,subtrain,0.0513408919796347
3,0.1,72,validation,0.2923658937215805
3,0.1,73,subtrain,0.0371083933860063
3,0.1,73,validation,0.2654880285263061
3,0.1,74,subtrain,0.0363662997260689
3,0.1,74,validation,0.2675511091947555
3,0.1,75,subtrain,0.0428566681221127
3,0.1,75,validation,0.2810115367174148
3,0.1,76,subtrain,0.0411041136831045
3,0.1,76,validation,0.2855305522680282
3,0.1,77,subtrain,0.0487764598801732
3,0.1,77,validation,0.3000004142522812
3,0.1,78,subtrain,0.1507655978202819
3,0.1,78,validation,0.4079464077949524
3,0.1,79,subtrain,0.0438446057960391
3,0.1,79,validation,0.2904885858297348
3,0.1,80,subtrain,0.0377600882202386
3,0.1,80,validation,0.2919538766145706
3,0.1,81,subtrain,0.0351963620632886
3,0.1,81,validation,0.293042242527008
3,0.1,82,subtrain,0.0350520620122551
3,0.1,82,validation,0.2939468175172806
3,0.1,83,subtrain,0.0725322403013706
3,0.1,83,validation,0.3487794697284698
3,0.1,84,subtrain,0.1228896789252758
3,0.1,84,validation,0.3934680968523025
3,0.1,85,subtrain,0.0372341983020305
3,0.1,85,validation,0.2892132252454757
3,0.1,86,subtrain,0.0671086013317108
3,0.1,86,validation,0.3381142914295196
3,0.1,87,subtrain,0.042526438832283
3,0.1,87,validation,0.3199630528688431
3,0.1,88,subtrain,0.034332275390625
3,0.1,88,validation,0.3020567744970321
3,0.1,89,subtrain,0.0301129091531038
3,0.1,89,validation,0.288476213812828
3,0.1,90,subtrain,0.0430843792855739
3,0.1,90,validation,0.3210393190383911
3,0.1,91,subtrain,0.0290754660964012
3,0.1,91,validation,0.3038661926984787
3,0.1,92,subtrain,0.1438268553465604
3,0.1,92,validation,0.3948468118906021
3,0.1,93,subtrain,0.0449801851063966
3,0.1,93,validation,0.3170279264450073
3,0.1,94,subtrain,0.0311114182695746
3,0.1,94,validation,0.2976744174957275
3,0.1,95,subtrain,0.0329621192067861
3,0.1,95,validation,0.3124094307422638
3,0.1,96,subtrain,0.0250214338302612
3,0.1,96,validation,0.302575871348381
3,0.1,97,subtrain,0.0275599779561162
3,0.1,97,validation,0.3124939650297165
3,0.1,98,subtrain,0.0247782357037067
3,0.1,98,validation,0.3173687309026718
3,0.1,99,subtrain,0.038591437973082
3,0.1,99,validation,0.3342000395059585
2,0.2,0,subtrain,0.4977177679538727
2,0.2,0,validation,0.5005842745304108
2,0.2,1,subtrain,0.2811869531869888
2,0.2,1,validation,0.292409673333168
2,0.2,2,subtrain,0.2278705984354019
2,0.2,2,validation,0.2514361888170242
2,0.2,3,subtrain,0.1961548030376434
2,0.2,3,validation,0.2279281094670295
2,0.2,4,subtrain,0.1797122657299041
2,0.2,4,validation,0.2154605463147163
2,0.2,5,subtrain,0.1679305657744407
2,0.2,5,validation,0.2121531367301941
2,0.2,6,subtrain,0.1657657846808433
2,0.2,6,validation,0.2090566009283065
2,0.2,7,subtrain,0.1687788441777229
2,0.2,7,validation,0.2199481874704361
2,0.2,8,subtrain,0.1452393233776092
2,0.2,8,validation,0.1972529366612434
2,0.2,9,subtrain,0.1598375365138054
2,0.2,9,validation,0.2110413834452629
2,0.2,10,subtrain,0.1333213448524475
2,0.2,10,validation,0.196361593902111
2,0.2,11,subtrain,0.133062444627285
2,0.2,11,validation,0.1961280554533004
2,0.2,12,subtrain,0.1300997138023376
2,0.2,12,validation,0.1963969990611076
2,0.2,13,subtrain,0.1210799068212509
2,0.2,13,validation,0.1929628551006317
2,0.2,14,subtrain,0.1174984648823738
2,0.2,14,validation,0.1906332895159721
2,0.2,15,subtrain,0.1121445558965206
2,0.2,15,validation,0.1868685781955719
2,0.2,16,subtrain,0.1118571460247039
2,0.2,16,validation,0.1916478872299194
2,0.2,17,subtrain,0.1097653321921825
2,0.2,17,validation,0.1967691332101822
2,0.2,18,subtrain,0.1071100905537605
2,0.2,18,validation,0.1914172396063804
2,0.2,19,subtrain,0.1061682105064392
2,0.2,19,validation,0.199117787182331
2,0.2,20,subtrain,0.1034185327589511
2,0.2,20,validation,0.1958661749958992
2,0.2,21,subtrain,0.1381519809365272
2,0.2,21,validation,0.2358758226037025
2,0.2,22,subtrain,0.0937080904841423
2,0.2,22,validation,0.1930238604545593
2,0.2,23,subtrain,0.0995381288230419
2,0.2,23,validation,0.2051048502326011
2,0.2,24,subtrain,0.098266702145338
2,0.2,24,validation,0.2042303383350372
2,0.2,25,subtrain,0.0871268324553966
2,0.2,25,validation,0.1970310509204864
2,0.2,26,subtrain,0.0964641496539115
2,0.2,26,validation,0.20957962423563
2,0.2,27,subtrain,0.130749475210905
2,0.2,27,validation,0.2373442500829696
2,0.2,28,subtrain,0.0838402435183525
2,0.2,28,validation,0.2039240971207618
2,0.2,29,subtrain,0.0899217799305915
2,0.2,29,validation,0.2131552025675773
2,0.2,30,subtrain,0.074789248406887
2,0.2,30,validation,0.1960561051964759
2,0.2,31,subtrain,0.0795711390674114
2,0.2,31,validation,0.2096471190452575
2,0.2,32,subtrain,0.0834520123898983
2,0.2,32,validation,0.2116541415452957
2,0.2,33,subtrain,0.0722254142165184
2,0.2,33,validation,0.2037739232182502
2,0.2,34,subtrain,0.0766676366329193
2,0.2,34,validation,0.215225838124752
2,0.2,35,subtrain,0.0704870801419019
2,0.2,35,validation,0.2077024281024933
2,0.2,36,subtrain,0.0852155573666095
2,0.2,36,validation,0.2222383245825767
2,0.2,37,subtrain,0.0638518575578928
2,0.2,37,validation,0.2074657380580902
2,0.2,38,subtrain,0.0634507518261671
2,0.2,38,validation,0.2141905575990677
2,0.2,39,subtrain,0.0649058613926172
2,0.2,39,validation,0.2199623063206672
2,0.2,40,subtrain,0.0752416085451841
2,0.2,40,validation,0.2307524383068084
2,0.2,41,subtrain,0.0624955482780933
2,0.2,41,validation,0.2162084877490997
2,0.2,42,subtrain,0.0626927949488163
2,0.2,42,validation,0.2238361462950706
2,0.2,43,subtrain,0.0551242846995592
2,0.2,43,validation,0.2160203009843826
2,0.2,44,subtrain,0.0635160394012928
2,0.2,44,validation,0.2295286729931831
2,0.2,45,subtrain,0.0555501151829957
2,0.2,45,validation,0.2248938605189323
2,0.2,46,subtrain,0.0526609383523464
2,0.2,46,validation,0.2232382893562317
2,0.2,47,subtrain,0.0563609451055526
2,0.2,47,validation,0.2300858050584793
2,0.2,48,subtrain,0.0595259871333837
2,0.2,48,validation,0.2402890399098396
2,0.2,49,subtrain,0.0504106357693672
2,0.2,49,validation,0.2322770655155182
2,0.2,50,subtrain,0.057803826406598
2,0.2,50,validation,0.2406171187758445
2,0.2,51,subtrain,0.1027452088892459
2,0.2,51,validation,0.2888789549469948
2,0.2,52,subtrain,0.0769881904125213
2,0.2,52,validation,0.2623026221990585
2,0.2,53,subtrain,0.0451004449278116
2,0.2,53,validation,0.2275457456707954
2,0.2,54,subtrain,0.0477989315986633
2,0.2,54,validation,0.2383607402443885
2,0.2,55,subtrain,0.0553855448961257
2,0.2,55,validation,0.2494804859161377
2,0.2,56,subtrain,0.0836218614131212
2,0.2,56,validation,0.270608052611351
2,0.2,57,subtrain,0.0505585465580225
2,0.2,57,validation,0.2454263865947723
2,0.2,58,subtrain,0.0409540329128503
2,0.2,58,validation,0.2441210523247718
2,0.2,59,subtrain,0.0394770186394453
2,0.2,59,validation,0.2448890581727028
2,0.2,60,subtrain,0.0386916035786271
2,0.2,60,validation,0.2453480660915374
2,0.2,61,subtrain,0.0622525569051504
2,0.2,61,validation,0.2769225686788559
2,0.2,62,subtrain,0.0788753014057874
2,0.2,62,validation,0.2732767909765243
2,0.2,63,subtrain,0.0622544959187507
2,0.2,63,validation,0.2568431124091148
2,0.2,64,subtrain,0.0651535457000136
2,0.2,64,validation,0.2636226415634155
2,0.2,65,subtrain,0.0425468375906348
2,0.2,65,validation,0.2494780421257019
2,0.2,66,subtrain,0.0382012445479631
2,0.2,66,validation,0.2535803094506264
2,0.2,67,subtrain,0.0364672299474477
2,0.2,67,validation,0.2496000826358795
2,0.2,68,subtrain,0.0423100749030709
2,0.2,68,validation,0.2648447006940841
2,0.2,69,subtrain,0.0394361866638064
2,0.2,69,validation,0.2598815858364105
2,0.2,70,subtrain,0.0813132254406809
2,0.2,70,validation,0.3023186773061752
2,0.2,71,subtrain,0.0441077146679163
2,0.2,71,validation,0.2615007907152176
2,0.2,72,subtrain,0.0438589453697204
2,0.2,72,validation,0.2776981219649315
2,0.2,73,subtrain,0.0716253295540809
2,0.2,73,validation,0.2912054657936096
2,0.2,74,subtrain,0.0366787072271108
2,0.2,74,validation,0.2663516923785209
2,0.2,75,subtrain,0.0350582217797637
2,0.2,75,validation,0.270976185798645
2,0.2,76,subtrain,0.041815934702754
2,0.2,76,validation,0.2776481211185455
2,0.2,77,subtrain,0.0368762863799929
2,0.2,77,validation,0.2841886579990387
2,0.2,78,subtrain,0.0577404033392667
2,0.2,78,validation,0.290391594171524
2,0.2,79,subtrain,0.0396990496665239
2,0.2,79,validation,0.2798215597867965
2,0.2,80,subtrain,0.0296065881848335
2,0.2,80,validation,0.2777989953756332
2,0.2,81,subtrain,0.0420199884101748
2,0.2,81,validation,0.2908720523118973
2,0.2,82,subtrain,0.0329438550397753
2,0.2,82,validation,0.282723069190979
2,0.2,83,subtrain,0.029955044388771
2,0.2,83,validation,0.2817925363779068
2,0.2,84,subtrain,0.0295353000983595
2,0.2,84,validation,0.290930226445198
2,0.2,85,subtrain,0.0730639202520251
2,0.2,85,validation,0.3254027962684631
2,0.2,86,subtrain,0.0298073608428239
2,0.2,86,validation,0.2930372655391693
2,0.2,87,subtrain,0.028868893161416
2,0.2,87,validation,0.291073128581047
2,0.2,88,subtrain,0.0262658866122365
2,0.2,88,validation,0.2904380261898041
2,0.2,89,subtrain,0.0271545657888054
2,0.2,89,validation,0.2968389838933944
2,0.2,90,subtrain,0.0268405880779027
2,0.2,90,validation,0.2929905205965042
2,0.2,91,subtrain,0.030976640060544
2,0.2,91,validation,0.2991574853658676
2,0.2,92,subtrain,0.0321165900677442
2,0.2,92,validation,0.3108089417219162
2,0.2,93,subtrain,0.0237080752849578
2,0.2,93,validation,0.3030983954668045
2,0.2,94,subtrain,0.0232103401795029
2,0.2,94,validation,0.2905469238758087
2,0.2,95,subtrain,0.127248927950859
2,0.2,95,validation,0.4094159603118896
2,0.2,96,subtrain,0.0267057903110981
2,0.2,96,validation,0.3126769661903381
2,0.2,97,subtrain,0.0270961616188287
2,0.2,97,validation,0.3044912219047546
2,0.2,98,subtrain,0.0276743383146822
2,0.2,98,validation,0.3062133342027664
2,0.2,99,subtrain,0.0296429526060819
2,0.2,99,validation,0.3135619163513183
1,0.2,0,subtrain,0.3681871742010116
1,0.2,0,validation,0.3711440712213516
1,0.2,1,subtrain,0.2679922729730606
1,0.2,1,validation,0.2765757739543915
1,0.2,2,subtrain,0.2308637276291847
1,0.2,2,validation,0.2455252781510353
1,0.2,3,subtrain,0.2104995176196098
1,0.2,3,validation,0.2321239560842514
1,0.2,4,subtrain,0.1960168331861496
1,0.2,4,validation,0.223104678094387
1,0.2,5,subtrain,0.1857674419879913
1,0.2,5,validation,0.2171700373291969
1,0.2,6,subtrain,0.1776036918163299
1,0.2,6,validation,0.2128302082419395
1,0.2,7,subtrain,0.1696670055389404
1,0.2,7,validation,0.2074720337986946
1,0.2,8,subtrain,0.1641611605882644
1,0.2,8,validation,0.2045586481690406
1,0.2,9,subtrain,0.1608481705188751
1,0.2,9,validation,0.2032495215535164
1,0.2,10,subtrain,0.1561731100082397
1,0.2,10,validation,0.2016617581248283
1,0.2,11,subtrain,0.1509294509887695
1,0.2,11,validation,0.1974610611796379
1,0.2,12,subtrain,0.1472019553184509
1,0.2,12,validation,0.1959234699606895
1,0.2,13,subtrain,0.1440534368157386
1,0.2,13,validation,0.1930235922336578
1,0.2,14,subtrain,0.1438510715961456
1,0.2,14,validation,0.1923535019159317
1,0.2,15,subtrain,0.1397092491388321
1,0.2,15,validation,0.1932993158698082
1,0.2,16,subtrain,0.1376286819577217
1,0.2,16,validation,0.1939092651009559
1,0.2,17,subtrain,0.1348097622394561
1,0.2,17,validation,0.1919832900166511
1,0.2,18,subtrain,0.1306933388113975
1,0.2,18,validation,0.1887177154421806
1,0.2,19,subtrain,0.1298925206065178
1,0.2,19,validation,0.1901523619890213
1,0.2,20,subtrain,0.1269903481006622
1,0.2,20,validation,0.1891457065939903
1,0.2,21,subtrain,0.1251433528959751
1,0.2,21,validation,0.1866266056895256
1,0.2,22,subtrain,0.1232142224907875
1,0.2,22,validation,0.1882181018590927
1,0.2,23,subtrain,0.1212824769318103
1,0.2,23,validation,0.1858226582407951
1,0.2,24,subtrain,0.1201904490590095
1,0.2,24,validation,0.1869363412261009
1,0.2,25,subtrain,0.1193205527961254
1,0.2,25,validation,0.1861752718687057
1,0.2,26,subtrain,0.1168336272239685
1,0.2,26,validation,0.1866198852658271
1,0.2,27,subtrain,0.1147515475749969
1,0.2,27,validation,0.1853268817067146
1,0.2,28,subtrain,0.1140977852046489
1,0.2,28,validation,0.1877530962228775
1,0.2,29,subtrain,0.1115625314414501
1,0.2,29,validation,0.1845843866467476
1,0.2,30,subtrain,0.1113681010901928
1,0.2,30,validation,0.1854051202535629
1,0.2,31,subtrain,0.1093117669224739
1,0.2,31,validation,0.1842509731650352
1,0.2,32,subtrain,0.1085566282272338
1,0.2,32,validation,0.1847443431615829
1,0.2,33,subtrain,0.1067932620644569
1,0.2,33,validation,0.1832412257790565
1,0.2,34,subtrain,0.1053544208407402
1,0.2,34,validation,0.1843611747026443
1,0.2,35,subtrain,0.1038743369281292
1,0.2,35,validation,0.1837904602289199
1,0.2,36,subtrain,0.1033076792955398
1,0.2,36,validation,0.1847738549113273
1,0.2,37,subtrain,0.1041377671062946
1,0.2,37,validation,0.1869474351406097
1,0.2,38,subtrain,0.1004500277340412
1,0.2,38,validation,0.1841006129980087
1,0.2,39,subtrain,0.099955815821886
1,0.2,39,validation,0.1832475215196609
1,0.2,40,subtrain,0.0989959128201007
1,0.2,40,validation,0.1844926327466964
1,0.2,41,subtrain,0.1056060306727886
1,0.2,41,validation,0.1925341933965683
1,0.2,42,subtrain,0.0993575826287269
1,0.2,42,validation,0.1874523311853408
1,0.2,43,subtrain,0.0979229547083377
1,0.2,43,validation,0.1874636933207512
1,0.2,44,subtrain,0.0948214270174503
1,0.2,44,validation,0.1852020546793937
1,0.2,45,subtrain,0.1007908955216407
1,0.2,45,validation,0.1872791349887848
1,0.2,46,subtrain,0.0937420614063739
1,0.2,46,validation,0.1856972128152847
1,0.2,47,subtrain,0.0915766581892967
1,0.2,47,validation,0.1850624606013298
1,0.2,48,subtrain,0.0912758968770504
1,0.2,48,validation,0.1874483972787857
1,0.2,49,subtrain,0.0897400043904781
1,0.2,49,validation,0.1857541874051094
1,0.2,50,subtrain,0.0893748365342617
1,0.2,50,validation,0.1868478655815124
1,0.2,51,subtrain,0.0877689979970455
1,0.2,51,validation,0.1854640245437622
1,0.2,52,subtrain,0.0865494012832641
1,0.2,52,validation,0.1869206354022026
1,0.2,53,subtrain,0.0865698680281639
1,0.2,53,validation,0.1875588521361351
1,0.2,54,subtrain,0.0864732787013053
1,0.2,54,validation,0.1867081001400947
1,0.2,55,subtrain,0.085052240639925
1,0.2,55,validation,0.1879568323493003
1,0.2,56,subtrain,0.0841295085847377
1,0.2,56,validation,0.18555299192667
1,0.2,57,subtrain,0.0842968486249446
1,0.2,57,validation,0.1902546808123588
1,0.2,58,subtrain,0.0822737626731395
1,0.2,58,validation,0.1889884248375892
1,0.2,59,subtrain,0.090177122503519
1,0.2,59,validation,0.1931970715522766
1,0.2,60,subtrain,0.0832024365663528
1,0.2,60,validation,0.1879286617040634
1,0.2,61,subtrain,0.0868781171739101
1,0.2,61,validation,0.1952236965298652
1,0.2,62,subtrain,0.087594423443079
1,0.2,62,validation,0.1923897638916969
1,0.2,63,subtrain,0.0787469148635864
1,0.2,63,validation,0.1879518255591392
1,0.2,64,subtrain,0.079043835401535
1,0.2,64,validation,0.1886001452803611
1,0.2,65,subtrain,0.0778231956064701
1,0.2,65,validation,0.1908775866031646
1,0.2,66,subtrain,0.078462928533554
1,0.2,66,validation,0.1910957619547844
1,0.2,67,subtrain,0.0760049559175968
1,0.2,67,validation,0.1889214143157005
1,0.2,68,subtrain,0.0749110989272594
1,0.2,68,validation,0.1913615986704826
1,0.2,69,subtrain,0.0747392103075981
1,0.2,69,validation,0.1917150244116783
1,0.2,70,subtrain,0.0740699172019958
1,0.2,70,validation,0.191187135875225
1,0.2,71,subtrain,0.0737597458064556
1,0.2,71,validation,0.1913604661822319
1,0.2,72,subtrain,0.072119228541851
1,0.2,72,validation,0.1917255967855453
1,0.2,73,subtrain,0.0720688961446285
1,0.2,73,validation,0.1916486993432045
1,0.2,74,subtrain,0.0777173899114131
1,0.2,74,validation,0.1987117156386375
1,0.2,75,subtrain,0.0715901926159858
1,0.2,75,validation,0.1956259608268737
1,0.2,76,subtrain,0.0708412751555442
1,0.2,76,validation,0.1954829841852188
1,0.2,77,subtrain,0.0713524632155895
1,0.2,77,validation,0.1945489421486854
1,0.2,78,subtrain,0.0684886202216148
1,0.2,78,validation,0.1931513473391533
1,0.2,79,subtrain,0.0681907124817371
1,0.2,79,validation,0.1940385475754737
1,0.2,80,subtrain,0.0675208233296871
1,0.2,80,validation,0.195978932082653
1,0.2,81,subtrain,0.071347976103425
1,0.2,81,validation,0.1962682679295539
1,0.2,82,subtrain,0.0674873925745487
1,0.2,82,validation,0.1972501128911972
1,0.2,83,subtrain,0.0656083039939403
1,0.2,83,validation,0.1968297064304351
1,0.2,84,subtrain,0.0650276336818933
1,0.2,84,validation,0.1964442059397697
1,0.2,85,subtrain,0.0648170355707407
1,0.2,85,validation,0.197172537446022
1,0.2,86,subtrain,0.0648854449391365
1,0.2,86,validation,0.1976841166615486
1,0.2,87,subtrain,0.0634060259908437
1,0.2,87,validation,0.1965850293636322
1,0.2,88,subtrain,0.0645580329000949
1,0.2,88,validation,0.1983403638005256
1,0.2,89,subtrain,0.062267767265439
1,0.2,89,validation,0.1977585926651954
1,0.2,90,subtrain,0.0622756723314523
1,0.2,90,validation,0.197818785905838
1,0.2,91,subtrain,0.0650724545121193
1,0.2,91,validation,0.2023809626698494
1,0.2,92,subtrain,0.0620977506041526
1,0.2,92,validation,0.1989833787083625
1,0.2,93,subtrain,0.0608817897737026
1,0.2,93,validation,0.1987366825342178
1,0.2,94,subtrain,0.0602139942348003
1,0.2,94,validation,0.1987403482198715
1,0.2,95,subtrain,0.0613193102180957
1,0.2,95,validation,0.1995114013552665
1,0.2,96,subtrain,0.0598027799278497
1,0.2,96,validation,0.2006156370043754
1,0.2,97,subtrain,0.0635674018412828
1,0.2,97,validation,0.2068163380026817
1,0.2,98,subtrain,0.0581069812178611
1,0.2,98,validation,0.200981467962265
1,0.2,99,subtrain,0.0594666618853807
1,0.2,99,validation,0.2043878510594368
